Char	Script
<unk>	Others
<pad>	Others
<ws>	Others
a	Others
e	Others
i	Others
n	Others
t	Others
o	Others
r	Others
s	Others
l	Others
m	Others
d	Others
u	Others
k	Others
g	Others
h	Others
p	Others
ا	Others
y	Others
c	Others
v	Others
b	Others
а	Others
о	Others
ن	Others
و	Others
j	Others
и	Others
་	Others
н	Others
ی	Others
z	Others
ر	Others
f	Others
م	Others
ل	Others
т	Others
е	Others
ت	Others
د	Others
ه	Others
ە	Others
р	Others
w	Others
д	Others
்	Others
ى	Others
ب	Others
ک	Others
м	Others
്	Others
с	Others
л	Others
в	Others
ा	Others
-	Others
س	Others
​	Others
ა	Others
ա	Others
к	Others
у	Others
ي	Others
်	Others
q	Others
ი	Others
α	Others
г	Others
र	Others
х	Others
б	Others
್	Others
á	Others
क	Others
्	Others
া	Others
ე	Others
ն	Others
э	Others
े	Others
க	Others
'	Others
é	Others
్	Others
न	Others
ு	Others
ə	Others
ి	Others
ش	Others
ে	Others
ា	Others
្	Others
ા	Others
τ	Others
з	Others
ق	Others
ä	Others
්	Others
י	Others
ന	Others
র	Others
ו	Others
ི	Others
ు	Others
ಿ	Others
ह	Others
න	Others
ο	Others
ı	Others
న	Others
ా	Others
ು	Others
ε	Others
п	Others
ി	Others
த	Others
ո	Others
ι	Others
ས	Others
й	Others
ி	Others
ि	Others
ക	Others
ད	Others
ز	Others
ë	Others
я	Others
ે	Others
ր	Others
स	Others
ئ	Others
ു	Others
ု	Others
တ	Others
ե	Others
ာ	Others
ි	Others
پ	Others
í	Others
ν	Others
ს	Others
า	Others
म	Others
ನ	Others
း	Others
რ	Others
က	Others
ې	Others
ག	Others
ន	Others
ದ	Others
å	Others
น	Others
ོ	Others
ה	Others
त	Others
ہ	Others
ك	Others
?	Yi
ေ	Others
ो	Others
ч	Others
،	Others
ರ	Others
ව	Others
ိ	Others
่	Others
క	Others
্	Others
მ	Others
خ	Others
ি	Others
ത	Others
ð	Others
ம	Others
ի	Others
ર	Others
ಾ	Others
ర	Others
і	Others
ო	Others
ක	Others
ल	Others
ö	Others
ೆ	Others
ང	Others
ാ	Others
ے	Others
य	Others
ক	Others
ন	Others
ج	Others
ల	Others
ར	Others
ப	Others
x	Others
ü	Others
ל	Others
ತ	Others
့	Others
ම	Others
ం	Others
‌	Others
ी	Others
ۇ	Others
ය	Others
چ	Others
ó	Others
ா	Others
ન	Others
བ	Others
ர	Others
א	Others
ш	Others
ပ	Others
گ	Others
ත	Others
ી	Others
մ	Others
ร	Others
ع	Others
រ	Others
ვ	Others
อ	Others
π	Others
ವ	Others
ف	Others
ь	Others
ж	Others
ប	Others
ര	Others
เ	Others
ક	Others
ා	Others
ಲ	Others
မ	Others
μ	Others
ན	Others
ེ	Others
ρ	Others
ง	Others
κ	Others
ւ	Others
ன	Others
ব	Others
σ	Others
ת	Others
დ	Others
ก	Others
ಗ	Others
န	Others
प	Others
ნ	Others
ட	Others
ત	Others
ं	Others
യ	Others
ல	Others
ु	Others
ত	Others
ม	Others
מ	Others
வ	Others
υ	Others
ێ	Others
ლ	Others
ក	Others
འ	Others
ş	Others
્	Others
ž	Others
ש	Others
ბ	Others
ྱ	Others
ಕ	Others
้	Others
ү	Others
త	Others
ត	Others
š	Others
ר	Others
ស	Others
à	Others
మ	Others
လ	Others
མ	Others
െ	Others
ă	Others
ప	Others
ں	Others
મ	Others
ු	Others
వ	Others
ै	Others
è	Others
կ	Others
ં	Others
င	Others
的	Others
თ	Others
ี	Others
ട	Others
ை	Others
ς	Others
ස	Others
ั	Others
č	Others
ો	Others
ല	Others
غ	Others
ద	Others
ུ	Others
ற	Others
ב	Others
ង	Others
ы	Others
ម	Others
ර	Others
ح	Others
ว	Others
স	Others
ম	Others
ಮ	Others
ဲ	Others
ब	Others
ם	Others
മ	Others
ú	Others
व	Others
ಂ	Others
ရ	Others
ள	Others
പ	Others
ய	Others
വ	Others
ά	Others
λ	Others
ល	Others
ۆ	Others
η	Others
చ	Others
យ	Others
ç	Others
ಸ	Others
द	Others
વ	Others
ھ	Others
נ	Others
ే	Others
ಯ	Others
ွ	Others
ग	Others
ί	Others
յ	Others
ந	Others
þ	Others
ս	Others
ം	Others
ြ	Others
પ	Others
ज	Others
ལ	Others
స	Others
ย	Others
ল	Others
đ	Others
ό	Others
់	Others
အ	Others
տ	Others
ද	Others
ล	Others
，	Others
ท	Others
།	Others
စ	Others
য	Others
।	Others
ျ	Others
ප	Others
ෙ	Others
ှ	Others
ള	Others
య	Others
ө	Others
ц	Others
უ	Others
ခ	Others
ట	Others
გ	Others
ങ	Others
ด	Others
ේ	Others
ુ	Others
כ	Others
ಳ	Others
έ	Others
‍	Others
ල	Others
េ	Others
প	Others
ք	Others
ើ	Others
ু	Others
સ	Others
ю	Others
ុ	Others
լ	Others
ទ	Others
ో	Others
ယ	Others
ំ	Others
ą	Others
の	Others
ិ	Others
ส	Others
ય	Others
ါ	Others
ค	Others
သ	Others
గ	Others
æ	Others
ח	Others
վ	Others
ព	Others
ச	Others
আ	Others
ට	Others
డ	Others
པ	Others
ø	Others
જ	Others
أ	Others
ห	Others
റ	Others
ة	Others
හ	Others
ണ	Others
ิ	Others
ီ	Others
γ	Others
ע	Others
អ	Others
ಹ	Others
我	Others
ъ	Others
ะ	Others
ý	Others
এ	Others
ැ	Others
ཡ	Others
ց	Others
ص	Others
ğ	Others
ต	Others
ც	Others
ד	Others
ച	Others
ྲ	Others
შ	Others
സ	Others
ô	Others
ដ	Others
δ	Others
ط	Others
គ	Others
ট	Others
भ	Others
ไ	Others
щ	Others
দ	Others
ಬ	Others
ڭ	Others
ច	Others
հ	Others
अ	Others
แ	Others
ជ	Others
હ	Others
ី	Others
ป	Others
이	Others
ф	Others
च	Others
ě	Others
छ	Others
。	Others
ග	Others
บ	Others
લ	Others
で	Others
դ	Others
ಡ	Others
છ	Others
다	Others
ೇ	Others
අ	Others
அ	Others
ણ	Others
វ	Others
য়	Others
ư	Others
آ	Others
ಅ	Others
ே	Others
ཁ	Others
उ	Others
ק	Others
ė	Others
ტ	Others
ή	Others
ω	Others
િ	Others
一	Others
ಪ	Others
അ	Others
ো	Others
ხ	Others
ę	Others
จ	Others
இ	Others
ذ	Others
ए	Others
။	Others
ీ	Others
是	Others
అ	Others
す	Others
ែ	Others
는	Others
ł	Others
थ	Others
니	Others
ញ	Others
হ	Others
ူ	Others
ই	Others
ཚ	Others
ը	Others
ข	Others
է	Others
ോ	Others
χ	Others
ខ	Others
し	Others
ె	Others
ื	Others
ट	Others
թ	Others
ڵ	Others
ဒ	Others
એ	Others
ใ	Others
ۈ	Others
ះ	Others
આ	Others
জ	Others
થ	Others
い	Others
კ	Others
ண	Others
ཞ	Others
ྒ	Others
ղ	Others
ছ	Others
અ	Others
ँ	Others
গ	Others
î	Others
ಟ	Others
બ	Others
எ	Others
आ	Others
ೂ	Others
פ	Others
ံ	Others
ូ	Others
ெ	Others
শ	Others
θ	Others
ဖ	Others
බ	Others
พ	Others
բ	Others
។	Others
«	Others
श	Others
գ	Others
ො	Others
に	Others
ז	Others
ू	Others
ៅ	Others
ų	Others
た	Others
ã	Others
â	Others
ហ	Others
ุ	Others
»	Others
は	Others
ג	Others
ò	Others
պ	Others
在	Others
ួ	Others
ગ	Others
ქ	Others
ೊ	Others
ύ	Others
ဆ	Others
と	Others
દ	Others
ោ	Others
!	Others
શ	Others
る	Others
에	Others
ڕ	Others
ż	Others
ۋ	Others
ế	Others
খ	Others
็	Others
চ	Others
ટ	Others
ཀ	Others
人	Others
ී	Others
ู	Others
が	Others
て	Others
ړ	Others
ई	Others
を	Others
ř	Others
ס	Others
ზ	Others
ま	Others
ध	Others
ạ	Others
φ	Others
그	Others
な	Others
ำ	Others
წ	Others
ث	Others
ê	Others
չ	Others
지	Others
േ	Others
എ	Others
ည	Others
ভ	Others
ཐ	Others
ங	Others
ோ	Others
ထ	Others
ض	Others
ख	Others
ś	Others
ť	Others
ộ	Others
ן	Others
ಇ	Others
ё	Others
을	Others
۔	Others
থ	Others
ծ	Others
ώ	Others
有	Others
औ	Others
ő	Others
շ	Others
इ	Others
ấ	Others
가	Others
ദ	Others
ધ	Others
们	Others
צ	Others
ყ	Others
එ	Others
ொ	Others
ဘ	Others
ూ	Others
하	Others
၊	Others
ખ	Others
ચ	Others
ष	Others
의	Others
ช	Others
고	Others
ผ	Others
ೋ	Others
;	Yi
ჩ	Others
ষ	Others
他	Others
؟	Others
ì	Others
ថ	Others
ಚ	Others
은	Others
ఇ	Others
ფ	Others
ड	Others
ഞ	Others
ဟ	Others
ழ	Others
ึ	Others
ཆ	Others
ט	Others
ೀ	Others
խ	Others
れ	Others
不	Others
了	Others
బ	Others
ć	Others
և	Others
們	Others
ീ	Others
ږ	Others
ځ	Others
జ	Others
ྐ	Others
զ	Others
こ	Others
も	Others
ț	Others
ధ	Others
ྟ	Others
ડ	Others
ả	Others
ể	Others
অ	Others
ژ	Others
į	Others
ী	Others
ណ	Others
ಷ	Others
உ	Others
ệ	Others
ཤ	Others
์	Others
你	Others
ធ	Others
ಜ	Others
ռ	Others
శ	Others
ề	Others
ờ	Others
ಶ	Others
ొ	Others
ș	Others
ಆ	Others
ഷ	Others
ശ	Others
ধ	Others
ഇ	Others
ښ	Others
ถ	Others
є	Others
를	Others
ớ	Others
ং	Others
ණ	Others
ఆ	Others
기	Others
ګ	Others
ণ	Others
か	Others
들	Others
서	Others
ആ	Others
’	Others
फ	Others
ण	Others
ළ	Others
ై	Others
ữ	Others
β	Others
ー	Others
리	Others
ौ	Others
大	Others
إ	Others
ష	Others
到	Others
습	Others
ఉ	Others
ξ	Others
있	Others
ஒ	Others
り	Others
以	Others
う	Others
ძ	Others
로	Others
ഒ	Others
ณ	Others
ٹ	Others
这	Others
ཅ	Others
ら	Others
어	Others
아	Others
ღ	Others
요	Others
ൂ	Others
ټ	Others
ཕ	Others
ও	Others
ջ	Others
ū	Others
ố	Others
ظ	Others
౦	Others
个	Others
ձ	Others
პ	Others
ൽ	Others
ீ	Others
โ	Others
”	Others
ឹ	Others
것	Others
ૂ	Others
ಭ	Others
도	Others
ഗ	Others
ൾ	Others
څ	Others
ů	Others
ળ	Others
한	Others
ൊ	Others
ಣ	Others
ậ	Others
ભ	Others
ಒ	Others
ї	Others
“	Others
ઓ	Others
上	Others
生	Others
個	Others
ភ	Others
ඔ	Others
ự	Others
ء	Others
ઇ	Others
ഉ	Others
ډ	Others
ủ	Others
ζ	Others
可	Others
ľ	Others
ợ	Others
ン	Others
些	Others
라	Others
ധ	Others
ך	Others
ಎ	Others
ţ	Others
ூ	Others
這	Others
ཏ	Others
해	Others
ơ	Others
那	Others
ඇ	Others
ఒ	Others
ứ	Others
っ	Others
ಈ	Others
փ	Others
ầ	Others
ở	Others
উ	Others
ཉ	Others
く	Others
あ	Others
能	Others
ん	Others
ៀ	Others
자	Others
ọ	Others
ً	Others
来	Others
要	Others
ഹ	Others
։	Others
ൻ	Others
ജ	Others
ഴ	Others
ဝ	Others
ۍ	Others
ஆ	Others
భ	Others
ళ	Others
き	Others
ಧ	Others
ಥ	Others
ෝ	Others
시	Others
ඉ	Others
ఎ	Others
ణ	Others
中	Others
수	Others
०	Others
因	Others
게	Others
ù	Others
입	Others
사	Others
హ	Others
そ	Others
ឺ	Others
ඩ	Others
ශ	Others
ڑ	Others
就	Others
ફ	Others
ઉ	Others
ផ	Others
ഭ	Others
ෂ	Others
ષ	Others
分	Others
나	Others
ඒ	Others
ๆ	Others
ླ	Others
時	Others
所	Others
៉	Others
္	Others
ྡ	Others
ཟ	Others
ઈ	Others
出	Others
多	Others
？	Others
대	Others
만	Others
它	Others
年	Others
ឆ	Others
제	Others
ං	Others
ซ	Others
看	Others
よ	Others
地	Others
事	Others
ർ	Others
ڈ	Others
为	Others
ठ	Others
（	Others
）	Others
自	Others
ජ	Others
ඳ	Others
だ	Others
現	Others
想	Others
—	Others
보	Others
如	Others
ড	Others
ཨ	Others
झ	Others
ढ	Others
イ	Others
ス	Others
우	Others
而	Others
ফ	Others
ៃ	Others
인	Others
여	Others
ธ	Others
也	Others
ཇ	Others
ň	Others
ñ	Others
、	Others
作	Others
으	Others
ஏ	Others
很	Others
用	Others
為	Others
ఈ	Others
़	Others
行	Others
子	Others
ಉ	Others
ಖ	Others
죠	Others
ị	Others
ূ	Others
ྩ	Others
ྤ	Others
ժ	Others
생	Others
ബ	Others
ఫ	Others
ญ	Others
ศ	Others
ฉ	Others
但	Others
和	Others
私	Others
成	Others
最	Others
家	Others
스	Others
저	Others
ධ	Others
ච	Others
ắ	Others
ড়	Others
ß	Others
者	Others
さ	Others
ೈ	Others
ď	Others
օ	Others
ち	Others
け	Others
リ	Others
物	Others
：	Others
០	Others
ಏ	Others
물	Others
했	Others
러	Others
정	Others
구	Others
세	Others
ษ	Others
都	Others
ψ	Others
像	Others
世	Others
前	Others
手	Others
ഥ	Others
ဂ	Others
ụ	Others
」	Others
方	Others
ឡ	Others
모	Others
할	Others
적	Others
전	Others
분	Others
ཙ	Others
ト	Others
ッ	Others
得	Others
法	Others
做	Others
來	Others
ृ	Others
ճ	Others
果	Others
つ	Others
間	Others
動	Others
意	Others
会	Others
ූ	Others
ภ	Others
ừ	Others
ẽ	Others
ằ	Others
會	Others
め	Others
重	Others
小	Others
化	Others
១	Others
실	Others
야	Others
과	Others
부	Others
ဗ	Others
之	Others
ঁ	Others
ྗ	Others
常	Others
せ	Others
界	Others
起	Others
感	Others
下	Others
면	Others
상	Others
데	Others
때	Others
ෑ	Others
ஸ	Others
其	Others
„	Others
¿	Others
ઘ	Others
ओ	Others
や	Others
ど	Others
ク	Others
部	Others
知	Others
相	Others
道	Others
일	Others
합	Others
었	Others
ථ	Others
థ	Others
ồ	Others
么	Others
什	Others
̇	Others
ৃ	Others
ཧ	Others
始	Others
本	Others
「	Others
度	Others
え	Others
正	Others
比	Others
건	Others
거	Others
發	Others
ྙ	Others
१	Others
文	Others
定	Others
面	Others
同	Others
笑	Others
័	Others
오	Others
말	Others
ൈ	Others
ฟ	Others
ặ	Others
麼	Others
০	Others
ཊ	Others
ྷ	Others
૦	Others
学	Others
真	Others
見	Others
美	Others
何	Others
래	Others
주	Others
٠	Others
උ	Others
ఏ	Others
ఖ	Others
说	Others
或	Others
घ	Others
好	Others
信	Others
新	Others
国	Others
入	Others
性	Others
ឌ	Others
ಫ	Others
진	Others
음	Others
ഡ	Others
ń	Others
ـ	Others
ආ	Others
෴	Others
භ	Others
时	Others
把	Others
ؤ	Others
়	Others
ঙ	Others
ף	Others
õ	Others
理	Others
非	Others
思	Others
ル	Others
全	Others
天	Others
情	Others
三	Others
ჯ	Others
되	Others
신	Others
까	Others
공	Others
동	Others
단	Others
ổ	Others
ྣ	Others
ཛ	Others
力	Others
ロ	Others
プ	Others
ア	Others
立	Others
通	Others
日	Others
テ	Others
ラ	Others
当	Others
계	Others
ဉ	Others
ඥ	Others
ృ	Others
́	Others
ঠ	Others
ૉ	Others
ऊ	Others
合	Others
数	Others
再	Others
然	Others
声	Others
己	Others
៥	Others
ឿ	Others
ೃ	Others
람	Others
각	Others
ഈ	Others
工	Others
於	Others
ঘ	Others
ű	Others
解	Others
使	Others
開	Others
今	Others
言	Others
次	Others
機	Others
教	Others
明	Others
過	Others
무	Others
화	Others
발	Others
학	Others
마	Others
않	Others
미	Others
发	Others
說	Others
२	Others
`	Others
彼	Others
ば	Others
公	Others
わ	Others
女	Others
後	Others
計	Others
告	Others
造	Others
活	Others
進	Others
៧	Others
ៗ	Others
바	Others
중	Others
̀	Others
ỏ	Others
开	Others
现	Others
題	Others
ジ	Others
体	Others
式	Others
考	Others
程	Others
回	Others
目	Others
種	Others
命	Others
二	Others
位	Others
ឃ	Others
와	Others
문	Others
간	Others
트	Others
장	Others
더	Others
၀	Others
ඕ	Others
ỉ	Others
于	Others
斯	Others
实	Others
已	Others
樣	Others
ُ	Others
༠	Others
ઠ	Others
फ़	Others
ज़	Others
利	Others
問	Others
ょ	Others
シ	Others
品	Others
必	Others
受	Others
建	Others
第	Others
去	Others
展	Others
ჭ	Others
ឋ	Others
디	Others
용	Others
조	Others
런	Others
년	Others
직	Others
ử	Others
ĩ	Others
更	Others
她	Others
后	Others
器	Others
學	Others
當	Others
ৈ	Others
՞	Others
影	Others
特	Others
お	Others
カ	Others
主	Others
病	Others
高	Others
名	Others
ៈ	Others
៩	Others
ឥ	Others
៍	Others
안	Others
비	Others
명	Others
드	Others
성	Others
국	Others
터	Others
ഫ	Others
样	Others
种	Others
经	Others
过	Others
此	Others
候	Others
被	Others
放	Others
孩	Others
掌	Others
ञ	Others
只	Others
キ	Others
ャ	Others
算	Others
ィ	Others
チ	Others
表	Others
・	Others
素	Others
加	Others
越	Others
！	Others
拍	Others
基	Others
切	Others
心	Others
集	Others
科	Others
ჰ	Others
위	Others
유	Others
술	Others
관	Others
ൃ	Others
ഏ	Others
ဇ	Others
ź	Others
ڼ	Others
ౖ	Others
ฝ	Others
里	Others
各	Others
动	Others
對	Others
實	Others
讓	Others
謝	Others
ِ	Others
১	Others
ঞ	Others
ྔ	Others
ॉ	Others
結	Others
レ	Others
音	Others
バ	Others
存	Others
グ	Others
着	Others
境	Others
少	Others
並	Others
代	Others
将	Others
神	Others
点	Others
机	Others
金	Others
政	Others
ឯ	Others
질	Others
행	Others
원	Others
내	Others
ဦ	Others
ဏ	Others
ඊ	Others
ũ	Others
及	Others
從	Others
著	Others
コ	Others
ド	Others
ム	Others
タ	Others
交	Others
フ	Others
ず	Others
形	Others
星	Others
料	Others
民	Others
パ	Others
メ	Others
設	Others
ほ	Others
決	Others
制	Others
近	Others
示	Others
完	Others
給	Others
任	Others
ೌ	Others
없	Others
예	Others
개	Others
좋	Others
운	Others
남	Others
든	Others
경	Others
타	Others
작	Others
١	Others
ฐ	Others
ỗ	Others
给	Others
每	Others
片	Others
呢	Others
需	Others
模	Others
对	Others
接	Others
將	Others
國	Others
經	Others
與	Others
兩	Others
ّ	Others
ঝ	Others
ྥ	Others
ઝ	Others
ૈ	Others
ץ	Others
ङ	Others
५	Others
९	Others
$	Others
字	Others
西	Others
み	Others
象	Others
空	Others
型	Others
電	Others
十	Others
市	Others
流	Others
量	Others
技	Others
身	Others
ឈ	Others
집	Others
방	Others
종	Others
불	Others
웃	Others
태	Others
평	Others
양	Others
치	Others
볼	Others
살	Others
٢	Others
ෞ	Others
̣	Others
没	Others
跟	Others
变	Others
且	Others
问	Others
聲	Others
還	Others
沒	Others
َ	Others
؛	Others
ૃ	Others
ऐ	Others
३	Others
՝	Others
取	Others
　	Others
ウ	Others
術	Others
石	Others
場	Others
デ	Others
花	Others
社	Others
関	Others
究	Others
許	Others
長	Others
台	Others
無	Others
根	Others
四	Others
府	Others
超	Others
៏	Others
೦	Others
점	Others
통	Others
른	Others
같	Others
알	Others
았	Others
프	Others
식	Others
영	Others
럼	Others
히	Others
ഓ	Others
ဥ	Others
ஊ	Others
ٓ	Others
并	Others
让	Others
收	Others
便	Others
进	Others
原	Others
从	Others
关	Others
裡	Others
體	Others
關	Others
ৎ	Others
ྦ	Others
۱	Others
ड़	Others
持	Others
々	Others
初	Others
ェ	Others
げ	Others
光	Others
置	Others
向	Others
約	Others
細	Others
探	Others
ミ	Others
ご	Others
義	Others
期	Others
演	Others
死	Others
車	Others
球	Others
べ	Others
微	Others
気	Others
食	Others
百	Others
研	Others
例	Others
外	Others
消	Others
៦	Others
ಞ	Others
차	Others
못	Others
걸	Others
론	Others
렇	Others
재	Others
왔	Others
난	Others
결	Others
처	Others
업	Others
번	Others
크	Others
연	Others
ڤ	Others
ഠ	Others
၂	Others
ඟ	Others
ౌ	Others
ఘ	Others
ẩ	Others
怎	Others
水	Others
诉	Others
吧	Others
题	Others
叫	Others
直	Others
২	Others
>	Yi
༣	Others
‎	Others
૧	Others
待	Others
送	Others
海	Others
由	Others
実	Others
ね	Others
強	Others
語	Others
ニ	Others
与	Others
深	Others
じ	Others
英	Others
色	Others
染	Others
記	Others
念	Others
セ	Others
装	Others
答	Others
ボ	Others
先	Others
１	Others
発	Others
難	Others
業	Others
源	Others
室	Others
系	Others
群	Others
ჟ	Others
២	Others
험	Others
속	Others
향	Others
두	Others
왜	Others
너	Others
법	Others
표	Others
르	Others
려	Others
소	Others
능	Others
금	Others
많	Others
져	Others
겁	Others
곳	Others
견	Others
၁	Others
ဓ	Others
ஃ	Others
ஹ	Others
》	Others
̉	Others
ẻ	Others
ẫ	Others
长	Others
谢	Others
还	Others
又	Others
件	Others
包	Others
打	Others
甚	Others
畫	Others
談	Others
萬	Others
點	Others
ྨ	Others
༼	Others
༽	Others
༡	Others
&	Others
·	Others
۰	Others
ૅ	Others
४	Others
測	Others
内	Others
落	Others
平	Others
求	Others
安	Others
太	Others
状	Others
味	Others
２	Others
保	Others
連	Others
確	Others
火	Others
山	Others
ろ	Others
課	Others
呼	Others
報	Others
早	Others
選	Others
写	Others
親	Others
線	Others
反	Others
類	Others
試	Others
共	Others
達	Others
냐	Others
피	Others
료	Others
청	Others
노	Others
졌	Others
확	Others
됩	Others
근	Others
였	Others
돌	Others
레	Others
또	Others
된	Others
심	Others
배	Others
٥	Others
၅	Others
ෘ	Others
ஷ	Others
ஐ	Others
ҳ	Others
ฆ	Others
《	Others
ẹ	Others
ỳ	Others
ễ	Others
ỡ	Others
承	Others
改	Others
照	Others
够	Others
确	Others
类	Others
喜	Others
增	Others
试	Others
头	Others
至	Others
电	Others
吗	Others
眼	Others
司	Others
才	Others
應	Others
繼	Others
覺	Others
訴	Others
數	Others
師	Others
續	Others
ٍ	Others
…	Others
=	Yi
ৌ	Others
۳	Others
ૌ	Others
観	Others
未	Others
話	Others
ソ	Others
ワ	Others
ナ	Others
投	Others
運	Others
助	Others
―	Others
環	Others
危	Others
ノ	Others
ガ	Others
参	Others
健	Others
症	Others
幸	Others
白	Others
マ	Others
サ	Others
論	Others
良	Others
員	Others
終	Others
エ	Others
否	Others
温	Others
製	Others
返	Others
半	Others
対	Others
粒	Others
築	Others
息	Others
万	Others
停	Others
似	Others
遠	Others
資	Others
住	Others
認	Others
士	Others
៊	Others
란	Others
회	Others
순	Others
매	Others
박	Others
당	Others
교	Others
력	Others
권	Others
카	Others
현	Others
받	Others
겠	Others
군	Others
긴	Others
본	Others
날	Others
출	Others
열	Others
접	Others
ഘ	Others
ഖ	Others
ఓ	Others
ฤ	Others
ฎ	Others
ỹ	Others
ỷ	Others
伊	Others
决	Others
计	Others
资	Others
域	Others
听	Others
间	Others
找	Others
育	Others
区	Others
景	Others
克	Others
倍	Others
功	Others
管	Others
吃	Others
拉	Others
注	Others
快	Others
核	Others
愛	Others
須	Others
擁	Others
剛	Others
兒	Others
ঃ	Others
৩	Others
۲	Others
ઢ	Others
૨	Others
ઞ	Others
૪	Others
६	Others
ֆ	Others
秒	Others
覚	Others
質	Others
伝	Others
馬	Others
飛	Others
足	Others
響	Others
害	Others
ュ	Others
限	Others
医	Others
へ	Others
概	Others
ョ	Others
統	Others
聞	Others
普	Others
悲	Others
米	Others
係	Others
口	Others
校	Others
脳	Others
経	Others
胞	Others
頭	Others
収	Others
底	Others
ネ	Others
元	Others
指	Others
仰	Others
断	Others
ケ	Others
治	Others
布	Others
離	Others
介	Others
モ	Others
移	Others
含	Others
速	Others
械	Others
複	Others
博	Others
歌	Others
激	Others
領	Others
望	Others
史	Others
៤	Others
ឱ	Others
환	Others
엄	Others
짜	Others
축	Others
설	Others
선	Others
올	Others
친	Others
목	Others
테	Others
호	Others
역	Others
최	Others
흥	Others
린	Others
록	Others
침	Others
며	Others
복	Others
째	Others
포	Others
함	Others
약	Others
달	Others
변	Others
름	Others
٤	Others
ൗ	Others
ඤ	Others
ஞ	Others
ஜ	Others
ฒ	Others
觉	Others
故	Others
传	Others
德	Others
具	Others
路	Others
走	Others
智	Others
游	Others
哥	Others
奇	Others
效	Others
清	Others
战	Others
脑	Others
背	Others
达	Others
友	Others
处	Others
环	Others
组	Others
论	Others
伙	Others
创	Others
测	Others
场	Others
图	Others
带	Others
林	Others
痛	Others
马	Others
产	Others
老	Others
令	Others
观	Others
应	Others
话	Others
亚	Others
另	Others
案	Others
城	Others
等	Others
某	Others
餐	Others
控	Others
東	Others
專	Others
險	Others
眾	Others
夠	Others
腦	Others
輕	Others
區	Others
千	Others
男	Others
變	Others
‘	Others
৪	Others
৫	Others
৮	Others
ྕ	Others
ཝ	Others
ϊ	Others
ۀ	Others
۶	Others
û	Others
 	Others
૯	Others
ઃ	Others
ઊ	Others
७	Others
視	Others
南	Others
遺	Others
予	Others
両	Others
月	Others
ブ	Others
ピ	Others
ハ	Others
描	Others
館	Others
転	Others
席	Others
興	Others
療	Others
熟	Others
付	Others
段	Others
康	Others
暗	Others
寄	Others
華	Others
座	Others
晴	Others
際	Others
ズ	Others
皆	Others
沢	Others
透	Others
習	Others
浮	Others
ギ	Others
索	Others
ダ	Others
握	Others
ゴ	Others
列	Others
調	Others
変	Others
疑	Others
恐	Others
旅	Others
烈	Others
幻	Others
傷	Others
書	Others
河	Others
役	Others
費	Others
び	Others
吸	Others
舞	Others
母	Others
燃	Others
ザ	Others
革	Others
企	Others
門	Others
苦	Others
宇	Others
宙	Others
較	Others
供	Others
議	Others
格	Others
願	Others
識	Others
刺	Others
塊	Others
融	Others
組	Others
癌	Others
犯	Others
互	Others
張	Others
៣	Others
ಃ	Others
ಐ	Others
೫	Others
೨	Others
ಊ	Others
류	Others
증	Others
느	Others
쟁	Others
페	Others
네	Others
준	Others
협	Others
필	Others
병	Others
등	Others
혀	Others
워	Others
앞	Others
민	Others
체	Others
형	Others
믿	Others
림	Others
후	Others
애	Others
반	Others
쪽	Others
온	Others
큰	Others
석	Others
월	Others
먼	Others
앉	Others
논	Others
벌	Others
파	Others
던	Others
감	Others
쓰	Others
책	Others
손	Others
천	Others
맞	Others
녀	Others
초	Others
절	Others
강	Others
메	Others
٩	Others
ൺ	Others
ѳ	Others
၈	Others
၄	Others
ဿ	Others
ï	Others
ඛ	Others
ෆ	Others
ĺ	Others
ஓ	Others
ఞ	Others
ఐ	Others
ฮ	Others
ฏ	Others
ۓ	Others
̃	Others
滋	Others
楼	Others
难	Others
祖	Others
条	Others
统	Others
典	Others
赛	Others
设	Others
简	Others
维	Others
领	Others
单	Others
啊	Others
啦	Others
历	Others
服	Others
朋	Others
欢	Others
虑	Others
盛	Others
遭	Others
边	Others
门	Others
运	Others
拥	Others
容	Others
趣	Others
许	Others
乎	Others
玩	Others
儿	Others
．	Others
认	Others
液	Others
准	Others
记	Others
两	Others
提	Others
显	Others
掉	Others
须	Others
易	Others
猜	Others
晚	Others
勒	Others
左	Others
妙	Others
讀	Others
退	Others
圖	Others
產	Others
富	Others
妳	Others
驗	Others
創	Others
觀	Others
潛	Others
氣	Others
則	Others
訊	Others
邊	Others
處	Others
樂	Others
歲	Others
裝	Others
ﺍ	Others
৭	Others
ྭ	Others
༩	Others
+	Others
۷	Others
٬	Others
૭	Others
ः	Others
८	Others
՛	Others
支	Others
節	Others
風	Others
ビ	Others
様	Others
野	Others
植	Others
追	Others
ベ	Others
肉	Others
換	Others
酸	Others
油	Others
ぜ	Others
頂	Others
仕	Others
ポ	Others
鳥	Others
盤	Others
木	Others
引	Others
差	Others
守	Others
周	Others
豪	Others
３	Others
載	Others
ぶ	Others
院	Others
属	Others
占	Others
婦	Others
づ	Others
ァ	Others
囲	Others
材	Others
配	Others
貧	Others
職	Others
盲	Others
楽	Others
致	Others
極	Others
窓	Others
裁	Others
詞	Others
団	Others
弱	Others
鎖	Others
財	Others
歳	Others
修	Others
偏	Others
葉	Others
遊	Others
争	Others
ゲ	Others
導	Others
側	Others
骨	Others
防	Others
降	Others
局	Others
農	Others
億	Others
産	Others
妹	Others
排	Others
劇	Others
担	Others
福	Others
画	Others
戦	Others
熱	Others
៌	Others
៨	Others
ឪ	Others
ಘ	Others
೩	Others
산	Others
백	Others
얼	Others
허	Others
났	Others
답	Others
베	Others
빙	Others
녹	Others
머	Others
색	Others
누	Others
억	Others
듯	Others
새	Others
겨	Others
덕	Others
젝	Others
희	Others
깨	Others
냥	Others
버	Others
틀	Others
떠	Others
갔	Others
농	Others
채	Others
힘	Others
울	Others
언	Others
극	Others
떨	Others
브	Others
삶	Others
멋	Others
글	Others
탄	Others
추	Others
께	Others
몇	Others
꿈	Others
큼	Others
놓	Others
립	Others
취	Others
떻	Others
품	Others
릅	Others
컴	Others
참	Others
갖	Others
뿐	Others
떤	Others
쳐	Others
십	Others
폭	Others
키	Others
막	Others
길	Others
줄	Others
슬	Others
활	Others
담	Others
٧	Others
ഊ	Others
၎	Others
၇	Others
၃	Others
ඹ	Others
ඌ	Others
ஈ	Others
๊	Others
ฬ	Others
ґ	Others
规	Others
兰	Others
精	Others
约	Others
客	Others
章	Others
错	Others
坐	Others
疾	Others
礼	Others
即	Others
仍	Others
击	Others
站	Others
谈	Others
较	Others
哪	Others
诺	Others
戏	Others
巴	Others
耗	Others
缺	Others
乏	Others
见	Others
气	Others
污	Others
羊	Others
喝	Others
失	Others
帮	Others
愿	Others
推	Others
馆	Others
减	Others
腺	Others
蚊	Others
员	Others
括	Others
土	Others
州	Others
兴	Others
房	Others
罗	Others
姆	Others
块	Others
书	Others
却	Others
挑	Others
往	Others
五	Others
网	Others
焦	Others
糖	Others
艇	Others
适	Others
选	Others
择	Others
怀	Others
尝	Others
爱	Others
风	Others
封	Others
黑	Others
线	Others
随	Others
北	Others
叛	Others
勇	Others
曾	Others
突	Others
密	Others
联	Others
句	Others
伴	Others
阿	Others
穷	Others
暴	Others
漂	Others
亮	Others
东	Others
结	Others
蜂	Others
罪	Others
刻	Others
号	Others
官	Others
跳	Others
鼓	Others
古	Others
香	Others
洲	Others
除	Others
怕	Others
视	Others
庭	Others
圈	Others
印	Others
威	Others
聽	Others
閱	Others
該	Others
雜	Others
戰	Others
負	Others
條	Others
辦	Others
商	Others
慮	Others
宮	Others
隨	Others
顯	Others
筆	Others
講	Others
預	Others
迪	Others
醫	Others
希	Others
步	Others
護	Others
斷	Others
納	Others
冒	Others
軍	Others
羅	Others
網	Others
緊	Others
總	Others
份	Others
聯	Others
據	Others
請	Others
標	Others
帶	Others
武	Others
ﻮ	Others
ﺿ	Others
ﺎ	Others
ٌ	Others
¨	Others
ঢ	Others
৯	Others
ঐ	Others
༢	Others
༥	Others
༦	Others
༨	Others
ཌ	Others
ྫ	Others
	Others
ΐ	Others
۴	Others
ٔ	Others
´	Others
૫	Others
૩	Others
૮	Others
©	Others
#	Others
૬	Others
ऑ	Others
ऋ	Others
低	Others
鹿	Others
ゼ	Others
溢	Others
腕	Others
頃	Others
ひ	Others
ヶ	Others
曜	Others
昨	Others
籍	Others
効	Others
働	Others
末	Others
夕	Others
陽	Others
態	Others
乗	Others
覧	Others
横	Others
険	Others
湖	Others
払	Others
ゃ	Others
覆	Others
震	Others
奏	Others
益	Others
犬	Others
宗	Others
－	Others
ヤ	Others
猫	Others
験	Others
急	Others
ぎ	Others
巡	Others
４	Others
惑	Others
』	Others
読	Others
雇	Others
肥	Others
満	Others
培	Others
欧	Others
夫	Others
扱	Others
徒	Others
族	Others
銀	Others
況	Others
軸	Others
む	Others
処	Others
束	Others
殺	Others
店	Others
ヨ	Others
朝	Others
港	Others
端	Others
策	Others
別	Others
紙	Others
勢	Others
魚	Others
薬	Others
璧	Others
繰	Others
証	Others
幾	Others
留	Others
整	Others
応	Others
ヒ	Others
破	Others
距	Others
炭	Others
埋	Others
紹	Others
救	Others
残	Others
挙	Others
惨	Others
練	Others
仲	Others
驚	Others
杯	Others
積	Others
昆	Others
哲	Others
延	Others
遷	Others
構	Others
倫	Others
灰	Others
備	Others
値	Others
オ	Others
聖	Others
隊	Others
戻	Others
肺	Others
ホ	Others
頼	Others
忘	Others
奉	Others
範	Others
誰	Others
準	Others
島	Others
賄	Others
障	Others
登	Others
鏡	Others
織	Others
務	Others
婚	Others
尊	Others
醒	Others
繋	Others
肝	Others
抜	Others
評	Others
街	Others
傾	Others
買	Others
訪	Others
逃	Others
៖	Others
ಓ	Others
ಠ	Others
೧	Others
튜	Others
늘	Others
킬	Others
특	Others
놀	Others
밖	Others
플	Others
쓸	Others
엘	Others
육	Others
휴	Others
눈	Others
붙	Others
밝	Others
욕	Others
택	Others
얻	Others
륙	Others
먹	Others
응	Others
망	Others
렵	Others
갈	Others
완	Others
찾	Others
숨	Others
혼	Others
랑	Others
투	Others
랍	Others
꼭	Others
핑	Others
줍	Others
티	Others
콜	Others
따	Others
북	Others
궁	Others
찍	Others
씨	Others
셨	Others
벨	Others
풍	Others
끝	Others
빠	Others
루	Others
릴	Others
깊	Others
찬	Others
럴	Others
쨌	Others
뜨	Others
닙	Others
됐	Others
될	Others
샤	Others
임	Others
퓨	Others
잠	Others
냅	Others
격	Others
잡	Others
외	Others
뢰	Others
묘	Others
죽	Others
넘	Others
룰	Others
욱	Others
놈	Others
층	Others
규	Others
득	Others
편	Others
밀	Others
뜻	Others
듣	Others
곤	Others
٨	Others
ഛ	Others
ൌ	Others
ഐ	Others
၆	Others
@	Yi
ෛ	Others
ඡ	Others
౩	Others
๋	Others
°	Others
ٰ	Others
困	Others
强	Others
调	Others
据	Others
纽	Others
汉	Others
连	Others
队	Others
义	Others
响	Others
专	Others
总	Others
摄	Others
填	Others
节	Others
瘤	Others
嘉	Others
奖	Others
批	Others
评	Others
弄	Others
楚	Others
兵	Others
巨	Others
请	Others
攻	Others
乐	Others
磨	Others
钱	Others
权	Others
织	Others
插	Others
针	Others
患	Others
率	Others
晕	Others
优	Others
烫	Others
序	Others
术	Others
夏	Others
冰	Others
终	Others
森	Others
贝	Others
尔	Others
搞	Others
无	Others
您	Others
际	Others
塔	Others
团	Others
别	Others
层	Others
宜	Others
险	Others
卡	Others
济	Others
短	Others
曲	Others
竟	Others
聪	Others
猩	Others
砰	Others
穿	Others
轻	Others
项	Others
雅	Others
药	Others
汽	Others
车	Others
厂	Others
换	Others
烧	Others
毒	Others
炎	Others
青	Others
蛋	Others
塑	Others
穆	Others
栩	Others
凌	Others
棒	Others
恒	Others
颜	Others
坚	Others
翻	Others
鳕	Others
疼	Others
剧	Others
绍	Others
众	Others
离	Others
努	Others
则	Others
驱	Others
噢	Others
塞	Others
尤	Others
雄	Others
避	Others
孕	Others
尽	Others
埃	Others
靠	Others
热	Others
肿	Others
臂	Others
惊	Others
澳	Others
盒	Others
负	Others
启	Others
岛	Others
该	Others
托	Others
鱼	Others
述	Others
征	Others
床	Others
豆	Others
怖	Others
沙	Others
胆	Others
隆	Others
唯	Others
柴	Others
悉	Others
媒	Others
哈	Others
匹	Others
聚	Others
妈	Others
授	Others
况	Others
牙	Others
迫	Others
血	Others
首	Others
抱	Others
读	Others
谁	Others
划	Others
甜	Others
幕	Others
晨	Others
蟲	Others
假	Others
棄	Others
園	Others
廳	Others
擊	Others
協	Others
瘋	Others
狂	Others
執	Others
村	Others
角	Others
維	Others
參	Others
七	Others
─	Others
茲	Others
豐	Others
卻	Others
察	Others
兼	Others
寫	Others
媽	Others
籌	Others
單	Others
久	Others
睡	Others
父	Others
菜	Others
休	Others
鐘	Others
爭	Others
雷	Others
版	Others
奧	Others
煤	Others
拿	Others
擴	Others
擇	Others
寶	Others
伸	Others
編	Others
藍	Others
忠	Others
畢	Others
舉	Others
歐	Others
燭	Others
傳	Others
牠	Others
丟	Others
復	Others
箱	Others
營	Others
脅	Others
碼	Others
藝	Others
壽	Others
歡	Others
幫	Others
權	Others
船	Others
溫	Others
零	Others
尚	Others
悄	Others
蓋	Others
抽	Others
吱	Others
攝	Others
團	Others
戲	Others
僅	Others
項	Others
ﻭ	Others
ﻟ	Others
ﺢ	Others
ﻥ	Others
ﺟ	Others
ﻧ	Others
ﺱ	Others
ﺫ	Others
ﻛ	Others
ﺮ	Others
ﺤ	Others
ﻜ	Others
ﺕ	Others
ঈ	Others
৬	Others
ঢ়	Others
༤	Others
ཱ	Others
༧	Others
ཪ	Others
ϋ	Others
΄	Others
¡	Others
۸	Others
۵	Others
€	Others
ઔ	Others
ઑ	Others
ઍ	Others
ִ	Others
ख़	Others
¥	Others
क़	Others
ढ़	Others
ऎ	Others
ऒ	Others
<	Yi
․	Others
՜	Others
既	Others
５	Others
季	Others
鷹	Others
録	Others
岸	Others
滅	Others
壊	Others
敵	Others
労	Others
柄	Others
溺	Others
ゾ	Others
沈	Others
絶	Others
喧	Others
嘩	Others
ペ	Others
遥	Others
歯	Others
緑	Others
川	Others
帳	Others
駆	Others
＆	Others
顔	Others
続	Others
聴	Others
ふ	Others
搭	Others
替	Others
ぱ	Others
恥	Others
『	Others
暖	Others
炉	Others
秤	Others
抑	Others
養	Others
俺	Others
ヴ	Others
旗	Others
慣	Others
髄	Others
波	Others
ぞ	Others
忙	Others
徹	Others
鍮	Others
７	Others
０	Others
崇	Others
拒	Others
圧	Others
ォ	Others
ざ	Others
ヌ	Others
芸	Others
割	Others
卓	Others
戯	Others
単	Others
層	Others
ツ	Others
毎	Others
週	Others
剥	Others
絵	Others
蔵	Others
広	Others
誕	Others
ｉ	Others
ｑ	Others
８	Others
罰	Others
雨	Others
､	Others
跡	Others
昼	Others
飯	Others
赤	Others
株	Others
錯	Others
欲	Others
適	Others
虫	Others
専	Others
売	Others
雑	Others
促	Others
滞	Others
脱	Others
悪	Others
縦	Others
審	Others
訳	Others
績	Others
触	Others
抵	Others
ぼ	Others
泣	Others
違	Others
涯	Others
携	Others
帯	Others
乱	Others
焼	Others
兄	Others
弟	Others
姉	Others
憶	Others
番	Others
吹	Others
競	Others
署	Others
副	Others
軌	Others
央	Others
優	Others
偉	Others
縁	Others
ぐ	Others
軽	Others
祉	Others
届	Others
税	Others
賂	Others
渡	Others
説	Others
責	Others
宿	Others
臭	Others
権	Others
勤	Others
律	Others
妥	Others
歩	Others
怯	Others
暮	Others
闘	Others
込	Others
価	Others
円	Others
僚	Others
潤	Others
映	Others
歴	Others
錠	Others
剤	Others
剰	Others
摂	Others
縒	Others
ぷ	Others
称	Others
依	Others
操	Others
逆	Others
陸	Others
ឮ	Others
ឫ	Others
ឍ	Others
ឭ	Others
ឬ	Others
ಢ	Others
ಔ	Others
®	Others
೪	Others
낼	Others
춥	Others
몸	Others
쇄	Others
큽	Others
롯	Others
굴	Others
획	Others
꿔	Others
턴	Others
랐	Others
콤	Others
렉	Others
닐	Others
승	Others
휘	Others
폐	Others
둔	Others
족	Others
웠	Others
덧	Others
토	Others
힌	Others
텔	Others
둡	Others
긍	Others
높	Others
슐	Others
급	Others
릎	Others
꼬	Others
몹	Others
붉	Others
널	Others
왼	Others
컬	Others
률	Others
멩	Others
큐	Others
쥐	Others
뒤	Others
겋	Others
꼽	Others
졸	Others
빤	Others
왕	Others
랬	Others
깥	Others
납	Others
섭	Others
황	Others
광	Others
씌	Others
므	Others
훈	Others
련	Others
껏	Others
틱	Others
칠	Others
코	Others
냇	Others
곱	Others
칭	Others
캘	Others
클	Others
끔	Others
껴	Others
락	Others
써	Others
끼	Others
뗄	Others
롭	Others
밌	Others
덩	Others
찰	Others
충	Others
암	Others
쉽	Others
첫	Others
썼	Others
꽃	Others
깐	Others
움	Others
낭	Others
령	Others
땠	Others
케	Others
범	Others
흘	Others
빌	Others
딩	Others
몬	Others
벡	Others
퍼	Others
척	Others
씀	Others
님	Others
싶	Others
뭐	Others
춰	Others
쌍	Others
둥	Others
낮	Others
앤	Others
슨	Others
곧	Others
듭	Others
얀	Others
쳤	Others
럽	Others
웨	Others
뱅	Others
팔	Others
커	Others
웅	Others
굉	Others
뜩	Others
벳	Others
릭	Others
셰	Others
쳔	Others
뱀	Others
앨	Others
맺	Others
뼈	Others
엇	Others
쌓	Others
독	Others
창	Others
넓	Others
혜	Others
묻	Others
씁	Others
철	Others
퉁	Others
맙	Others
좀	Others
칼	Others
켜	Others
챕	Others
홈	Others
텐	Others
닿	Others
맹	Others
렬	Others
듀	Others
별	Others
악	Others
랜	Others
헤	Others
츠	Others
혹	Others
템	Others
닌	Others
슷	Others
밤	Others
팩	Others
익	Others
율	Others
괴	Others
끌	Others
좁	Others
넣	Others
렸	Others
짓	Others
랭	Others
켰	Others
잊	Others
힐	Others
낙	Others
훔	Others
쿠	Others
탕	Others
톤	Others
옵	Others
효	Others
뉴	Others
틴	Others
쯤	Others
엔	Others
뿜	Others
블	Others
흔	Others
센	Others
빈	Others
균	Others
딱	Others
잃	Others
측	Others
융	Others
킹	Others
렀	Others
검	Others
덮	Others
쁜	Others
잎	Others
귀	Others
잘	Others
읽	Others
꾸	Others
٣	Others
٦	Others
ഔ	Others
^	Others
ഃ	Others
ဩ	Others
ဋ	Others
ဌ	Others
ဍ	Others
၍	Others
၉	Others
ī	Others
ǎ	Others
ඈ	Others
ඝ	Others
ඵ	Others
ඞ	Others
ඬ	Others
ௌ	Others
౧	Others
ఠ	Others
ఊ	Others
ҷ	Others
қ	Others
ฑ	Others
ํ	Others
ฯ	Others
ٴ	Others
ؑ	Others
ẳ	Others
违	Others
酷	Others
圣	Others
萨	Others
阵	Others
伟	Others
灯	Others
烦	Others
恼	Others
远	Others
披	Others
肩	Others
职	Others
败	Others
朴	Others
珊	Others
瑚	Others
谓	Others
双	Others
胎	Others
诊	Others
霍	Others
淋	Others
饱	Others
盐	Others
慧	Others
潜	Others
涂	Others
识	Others
遗	Others
柜	Others
琢	Others
纯	Others
奶	Others
扩	Others
浴	Others
懒	Others
细	Others
疏	Others
脏	Others
罹	Others
乳	Others
讲	Others
暂	Others
栖	Others
帐	Others
农	Others
亩	Others
麦	Others
临	Others
厅	Others
瑟	Others
茂	Others
树	Others
撼	Others
洁	Others
绘	Others
侵	Others
顶	Others
粪	Others
淹	Others
散	Others
旧	Others
犹	Others
捕	Others
帕	Others
补	Others
折	Others
肢	Others
牧	Others
鞭	Others
陆	Others
础	Others
叶	Others
势	Others
扇	Others
岁	Others
肌	Others
肤	Others
灵	Others
验	Others
虎	Others
栏	Others
导	Others
藏	Others
励	Others
嗑	Others
络	Others
闻	Others
胃	Others
肠	Others
播	Others
议	Others
亿	Others
费	Others
获	Others
师	Others
浪	Others
拟	Others
卫	Others
遣	Others
脸	Others
谕	Others
惧	Others
几	Others
罕	Others
虐	Others
旁	Others
昏	Others
厕	Others
苏	Others
侧	Others
射	Others
缩	Others
忍	Others
呯	Others
值	Others
误	Others
驾	Others
驶	Others
严	Others
厉	Others
览	Others
标	Others
军	Others
骑	Others
骆	Others
驼	Others
怪	Others
牵	Others
涉	Others
陌	Others
疯	Others
哇	Others
肯	Others
童	Others
丧	Others
套	Others
侣	Others
疗	Others
践	Others
证	Others
崩	Others
溃	Others
输	Others
杜	Others
佩	Others
箭	Others
八	Others
胡	Others
奔	Others
跑	Others
乌	Others
干	Others
举	Others
夹	Others
借	Others
黄	Others
巢	Others
贿	Others
壮	Others
务	Others
喂	Others
养	Others
振	Others
云	Others
顺	Others
讨	Others
厌	Others
陈	Others
腔	Others
滥	Others
责	Others
宣	Others
派	Others
援	Others
盖	Others
庞	Others
杂	Others
忆	Others
泌	Others
催	Others
储	Others
蚁	Others
撞	Others
奈	Others
唑	Others
胺	Others
霉	Others
鳄	Others
硅	Others
谷	Others
瑕	Others
疵	Others
采	Others
访	Others
罩	Others
矮	Others
异	Others
丽	Others
独	Others
滩	Others
陛	Others
戴	Others
瑞	Others
买	Others
龙	Others
绝	Others
贫	Others
钥	Others
匙	Others
溶	Others
蜡	Others
烛	Others
黏	Others
墙	Others
秀	Others
压	Others
板	Others
椅	Others
释	Others
迟	Others
弃	Others
孙	Others
杰	Others
呗	Others
棚	Others
撒	Others
谎	Others
牛	Others
碍	Others
渐	Others
酶	Others
链	Others
糊	Others
眩	Others
玷	Others
脊	Others
髓	Others
质	Others
业	Others
扎	Others
詹	Others
码	Others
免	Others
讼	Others
录	Others
报	Others
艺	Others
滴	Others
涡	Others
轮	Others
蹼	Others
刊	Others
韧	Others
页	Others
频	Others
厘	Others
愉	Others
张	Others
亡	Others
盗	Others
梦	Others
态	Others
召	Others
唤	Others
摩	Others
艾	Others
颗	Others
彗	Others
砸	Others
赞	Others
呐	Others
荣	Others
阅	Others
伦	Others
蛤	Others
蜊	Others
监	Others
狱	Others
呀	Others
耍	Others
粉	Others
桶	Others
贵	Others
架	Others
岩	Others
硬	Others
满	Others
仙	Others
软	Others
径	Others
尺	Others
穗	Others
缘	Others
胁	Others
惩	Others
罚	Others
屏	Others
傍	Others
郵	Others
廣	Others
抗	Others
扔	Others
赫	Others
橄	Others
欖	Others
觸	Others
摸	Others
瞰	Others
夥	Others
尷	Others
尬	Others
循	Others
鄉	Others
雍	Others
竊	Others
珍	Others
航	Others
艙	Others
輸	Others
稻	Others
草	Others
內	Others
悟	Others
顧	Others
歷	Others
堡	Others
螢	Others
均	Others
廷	Others
杏	Others
仁	Others
採	Others
渴	Others
咖	Others
啡	Others
遇	Others
汙	Others
螞	Others
蟻	Others
伺	Others
穩	Others
泰	Others
嗎	Others
絡	Others
槓	Others
桿	Others
皮	Others
膚	Others
租	Others
稱	Others
獸	Others
輪	Others
廓	Others
孤	Others
芬	Others
灣	Others
鬧	Others
仗	Others
窮	Others
醜	Others
倒	Others
唱	Others
捐	Others
錢	Others
菲	Others
嘛	Others
級	Others
碳	Others
餵	Others
獻	Others
繪	Others
賴	Others
龐	Others
扁	Others
勵	Others
疫	Others
苗	Others
芒	Others
誌	Others
輯	Others
艘	Others
閘	Others
陳	Others
規	Others
誠	Others
豬	Others
田	Others
李	Others
恩	Others
亂	Others
猶	Others
遞	Others
證	Others
奮	Others
飽	Others
屁	Others
股	Others
傘	Others
綁	Others
異	Others
爆	Others
掘	Others
滯	Others
凍	Others
驅	Others
永	Others
災	Others
氨	Others
帝	Others
亞	Others
嘗	Others
逐	Others
漸	Others
轉	Others
哦	Others
混	Others
淆	Others
查	Others
惡	Others
檢	Others
紀	Others
莎	Others
糞	Others
坑	Others
呎	Others
牆	Others
憂	Others
鬱	Others
圍	Others
撤	Others
屬	Others
窗	Others
碟	Others
充	Others
頓	Others
獨	Others
毫	Others
迷	Others
迂	Others
迴	Others
幅	Others
崗	Others
酒	Others
升	Others
稍	Others
諷	Others
嗨	Others
屆	Others
購	Others
餅	Others
乾	Others
仔	Others
籤	Others
徵	Others
夢	Others
釋	Others
絕	Others
梯	Others
緒	Others
蘭	Others
拯	Others
黎	Others
嫩	Others
寧	Others
狙	Others
噓	Others
膽	Others
拼	Others
貼	Others
補	Others
綴	Others
訓	Others
剩	Others
敢	Others
蔗	Others
紡	Others
貿	Others
誇	Others
耀	Others
洋	Others
棋	Others
烴	Others
麽	Others
藉	Others
縮	Others
骼	Others
捷	Others
爪	Others
衛	Others
敦	Others
享	Others
坦	Others
尋	Others
濟	Others
葡	Others
萄	Others
臨	Others
旳	Others
伍	Others
喪	Others
累	Others
吉	Others
葛	Others
傢	Others
裂	Others
默	Others
癡	Others
呆	Others
居	Others
饒	Others
恕	Others
賣	Others
春	Others
溝	Others
癒	Others
餘	Others
松	Others
櫚	Others
樹	Others
滿	Others
黃	Others
嬰	Others
稅	Others
擔	Others
喀	Others
麥	Others
擬	Others
藥	Others
瓦	Others
庫	Others
泉	Others
屍	Others
附	Others
蝴	Others
蝶	Others
魔	Others
；	Others
隔	Others
袋	Others
泄	Others
橋	Others
旦	Others
‧	Others
懂	Others
驟	Others
判	Others
繫	Others
劃	Others
麗	Others
邦	Others
妮	Others
睛	Others
督	Others
吐	Others
熊	Others
謀	Others
略	Others
綜	Others
粹	Others
煩	Others
惱	Others
耳	Others
鳴	Others
票	Others
獲	Others
宅	Others
麻	Others
疹	Others
禦	Others
討	Others
右	Others
募	Others
款	Others
篇	Others
俄	Others
盟	Others
